{"cameraMode":{"drawMode":0,"name":"Shaded","section":"Shading Mode"},"sceneLighting":false,"audioPlay":false,"sceneViewState":{"showFog":true,"showMaterialUpdate":false,"showSkybox":false,"showFlares":true,"showImageEffects":true,"showParticleSystems":true},"in2DMode":false,"pivot":{"x":32.811466217041019,"y":-39.11631774902344,"z":0.0},"rotation":{"x":0.2574083209037781,"y":-0.020290452986955644,"z":0.005406517535448074,"w":0.9660746455192566},"size":24.92710304260254,"orthographic":true}